"bani_id","status","data_count","kind"
"1","404","0","http_error"
"2","200","6","has_audio"
"3","200","1","has_audio"
"4","200","3","has_audio"
"5","404","0","http_error"
"6","404","0","http_error"
"7","404","0","http_error"
"8","404","0","http_error"
"9","200","1","has_audio"
"10","200","1","has_audio"
"11","404","0","http_error"
"12","404","0","http_error"
"13","404","0","http_error"
"14","404","0","http_error"
"15","404","0","http_error"
"16","404","0","http_error"
"17","404","0","http_error"
"18","404","0","http_error"
"19","404","0","http_error"
"20","404","0","http_error"
"21","200","2","has_audio"
"22","404","0","http_error"
"23","200","1","has_audio"
"24","404","0","http_error"
"25","404","0","http_error"
"26","404","0","http_error"
"27","404","0","http_error"
"28","404","0","http_error"
"29","404","0","http_error"
"30","404","0","http_error"
"31","404","0","http_error"
"32","404","0","http_error"
"33","404","0","http_error"
"34","404","0","http_error"
"35","404","0","http_error"
"36","404","0","http_error"
"37","404","0","http_error"
"38","404","0","http_error"
"39","404","0","http_error"
"40","404","0","http_error"
"41","404","0","http_error"
"42","404","0","http_error"
"43","404","0","http_error"
"44","404","0","http_error"
"45","404","0","http_error"
"46","404","0","http_error"
"47","404","0","http_error"
"48","404","0","http_error"
"49","404","0","http_error"
"50","404","0","http_error"
"51","404","0","http_error"
"52","404","0","http_error"
"53","404","0","http_error"
"54","404","0","http_error"
"55","404","0","http_error"
"56","404","0","http_error"
"57","404","0","http_error"
"58","404","0","http_error"
"59","404","0","http_error"
"60","404","0","http_error"
"61","404","0","http_error"
"62","404","0","http_error"
"63","404","0","http_error"
"64","404","0","http_error"
"65","404","0","http_error"
"66","404","0","http_error"
"67","404","0","http_error"
"68","404","0","http_error"
"69","404","0","http_error"
"70","404","0","http_error"
"71","404","0","http_error"
"72","404","0","http_error"
"73","404","0","http_error"
"74","404","0","http_error"
"75","404","0","http_error"
"76","404","0","http_error"
"77","404","0","http_error"
"78","404","0","http_error"
"79","404","0","http_error"
"80","404","0","http_error"
"81","404","0","http_error"
"82","404","0","http_error"
"83","404","0","http_error"
"84","404","0","http_error"
"85","404","0","http_error"
"86","404","0","http_error"
"87","404","0","http_error"
"88","404","0","http_error"
"89","404","0","http_error"
"90","404","0","http_error"
"91","404","0","http_error"
"92","404","0","http_error"
"93","404","0","http_error"
"94","404","0","http_error"
"95","404","0","http_error"
"96","404","0","http_error"
"97","404","0","http_error"
"98","404","0","http_error"
"99","404","0","http_error"
"100","404","0","http_error"
"101","404","0","http_error"
"102","404","0","http_error"
"103","404","0","http_error"
"104","404","0","http_error"
"105","404","0","http_error"
"106","404","0","http_error"
"107","404","0","http_error"
"108","404","0","http_error"
"109","404","0","http_error"
"110","404","0","http_error"
"111","404","0","http_error"
"112","404","0","http_error"
"113","404","0","http_error"
"114","404","0","http_error"
"115","404","0","http_error"
"116","404","0","http_error"
"117","404","0","http_error"
"118","404","0","http_error"
"119","404","0","http_error"
"120","404","0","http_error"
"121","404","0","http_error"
"122","404","0","http_error"
"123","404","0","http_error"
"124","404","0","http_error"
"125","404","0","http_error"
"126","404","0","http_error"
"127","404","0","http_error"
"128","404","0","http_error"
"129","404","0","http_error"
"130","404","0","http_error"
"131","404","0","http_error"
"132","404","0","http_error"
"133","404","0","http_error"
"134","404","0","http_error"
"135","404","0","http_error"
"136","404","0","http_error"
"137","404","0","http_error"
"138","404","0","http_error"
"139","404","0","http_error"
"140","404","0","http_error"
"141","404","0","http_error"
"142","404","0","http_error"
"143","404","0","http_error"
"144","404","0","http_error"
"145","404","0","http_error"
"146","404","0","http_error"
"147","404","0","http_error"
"148","404","0","http_error"
"149","404","0","http_error"
"150","404","0","http_error"
"151","404","0","http_error"
"152","404","0","http_error"
"153","404","0","http_error"
"154","404","0","http_error"
"155","404","0","http_error"
"156","404","0","http_error"
"157","404","0","http_error"
"158","404","0","http_error"
"159","404","0","http_error"
"160","404","0","http_error"
"161","404","0","http_error"
"162","404","0","http_error"
"163","404","0","http_error"
"164","404","0","http_error"
"165","404","0","http_error"
"166","404","0","http_error"
"167","404","0","http_error"
"168","404","0","http_error"
"169","404","0","http_error"
"170","404","0","http_error"
"171","404","0","http_error"
"172","404","0","http_error"
"173","404","0","http_error"
"174","404","0","http_error"
"175","404","0","http_error"
"176","404","0","http_error"
"177","404","0","http_error"
"178","404","0","http_error"
"179","404","0","http_error"
"180","404","0","http_error"
"181","404","0","http_error"
"182","404","0","http_error"
"183","404","0","http_error"
"184","404","0","http_error"
"185","404","0","http_error"
"186","404","0","http_error"
"187","404","0","http_error"
"188","404","0","http_error"
"189","404","0","http_error"
"190","404","0","http_error"
"191","404","0","http_error"
"192","404","0","http_error"
"193","404","0","http_error"
"194","404","0","http_error"
"195","404","0","http_error"
"196","404","0","http_error"
"197","404","0","http_error"
"198","404","0","http_error"
"199","404","0","http_error"
"200","404","0","http_error"
"201","404","0","http_error"
"202","404","0","http_error"
"203","404","0","http_error"
"204","404","0","http_error"
"205","404","0","http_error"
"206","404","0","http_error"
"207","404","0","http_error"
"208","404","0","http_error"
"209","404","0","http_error"
"210","404","0","http_error"
"211","404","0","http_error"
"212","404","0","http_error"
"213","404","0","http_error"
"214","404","0","http_error"
"215","404","0","http_error"
"216","404","0","http_error"
"217","404","0","http_error"
"218","404","0","http_error"
"219","404","0","http_error"
"220","404","0","http_error"
"221","404","0","http_error"
"222","404","0","http_error"
"223","404","0","http_error"
"224","404","0","http_error"
"225","404","0","http_error"
"226","404","0","http_error"
"227","404","0","http_error"
"228","404","0","http_error"
"229","404","0","http_error"
"230","404","0","http_error"
"231","404","0","http_error"
"232","404","0","http_error"
"233","404","0","http_error"
"234","404","0","http_error"
"235","404","0","http_error"
"236","404","0","http_error"
"237","404","0","http_error"
"238","404","0","http_error"
"239","404","0","http_error"
"240","404","0","http_error"
"241","404","0","http_error"
"242","404","0","http_error"
"243","404","0","http_error"
"244","404","0","http_error"
"245","404","0","http_error"
"246","404","0","http_error"
"247","404","0","http_error"
"248","404","0","http_error"
"249","404","0","http_error"
"250","404","0","http_error"
